"UN";"Название";"Классификационный код"
"0004";"АММОНИЯ ПИКРАТ сухой или с массовой долей воды менее 10%";"1.1D"
"0005";"ПАТРОНЫ ДЛЯ ОРУЖИЯ с разрывным зарядом";"1.1F"
"0006";"ПАТРОНЫ ДЛЯ ОРУЖИЯ с разрывным зарядом";"1.1E"
"0007";"ПАТРОНЫ ДЛЯ ОРУЖИЯ с разрывным зарядом";"1.2F"
"0009";"БОЕПРИПАСЫ ЗАЖИГАТЕЛЬНЫЕ, снаряженные или не снаряженные разрывным, вышибным или метательным зарядом";"1.2G"
"0010";"БОЕПРИПАСЫ ЗАЖИГАТЕЛЬНЫЕ, снаряженные или не снаря-женные разрывным, вышибным или метательным зарядом";"1.3G"
"0012";"ПАТРОНЫ ДЛЯ ОРУЖИЯ С ИНЕРТНЫМ СНАРЯДОМ";"1.4S"
"0012";"ПАТРОНЫ ДЛЯ СТРЕЛКОВОГО ОРУЖИЯ";"1.4S"
"0014";"ПАТРОНЫ ДЛЯ ОРУЖИЯ ХОЛОСТЫЕ";"1.4S"
"0014";"ПАТРОНЫ ДЛЯ СТРЕЛКОВОГО ОРУЖИЯ ХОЛОСТЫЕ";"1.4S"
"0014";"ПАТРОНЫ ДЛЯ ИНСТРУМЕНТОВ ХОЛОСТЫЕ";"1.4S"
"0015";"БОЕПРИПАСЫ ДЫМОВЫЕ, снаряженные или не снаряженные разрывным, вышибным или метательным зарядом";"1.2G"
"0015";"БОЕПРИПАСЫ ДЫМОВЫЕ, снаряженные или не снаряженные разрывным, вышибным или метательным зарядом, содержащие коррозионные вещества";"1.2G"
"0015";"БОЕПРИПАСЫ ДЫМОВЫЕ, снаряженные или не снаряженные разрывным, вышибным или метательным зарядом, содержащие токсичные при вдыхании вещества";"1.2G"
"0016";"БОЕПРИПАСЫ ДЫМОВЫЕ, снаряженные или не снаряженные разрывным, вышибным или метательным зарядом";"1.3G"
"0016";"БОЕПРИПАСЫ ДЫМОВЫЕ, снаряженные или не снаряженные разрывным, вышибным или метательным зарядом, содержащие коррозионные вещества";"1.3G"
"0016";"БОЕПРИПАСЫ ДЫМОВЫЕ, снаряженные или не снаряженные разрывным, вышибным или метательным зарядом, содержащие токсичные при вдыхании вещества";"1.3G"
"0018";"БОЕПРИПАСЫ СЛЕЗОТОЧИВЫЕ с разрывным, вышибным или метательным зарядом";"1.2G"
"0019";"БОЕПРИПАСЫ СЛЕЗОТОЧИВЫЕ с разрывным, вышибным или метательным зарядом";"1.3G"
"0020";"БОЕПРИПАСЫ С ОТРАВЛЯЮЩИМИ ВЕЩЕСТВАМИ с разрывным, вышибным или метательным зарядом";"1.2K"
"0021";"БОЕПРИПАСЫ С ОТРАВЛЯЮЩИМИ ВЕЩЕСТВАМИ с разрывным, вышибным или метательным зарядом";"1.3K"
"0027";"ПОРОХ ДЫМНЫЙ (ПОРОХ ЧЕРНЫЙ) гранулированный или в порошке";"1.1D"
"0028";"ПОРОХ ДЫМНЫЙ (ПОРОХ ЧЕРНЫЙ) ПРЕССОВАННЫЙ";"1.1D"
"0028";"ПОРОХ ДЫМНЫЙ (ПОРОХ ЧЕРНЫЙ) В ШАШКАХ";"1.1D"
"0033";"БОМБЫ с разрывным зарядом";"1.1F"
"0034";"БОМБЫ с разрывным зарядом";"1.1D"
"0035";"БОМБЫ с разрывным зарядом";"1.2D"
"0037";"ФОТОАВИАБОМБЫ";"1.1F"
"0038";"ФОТОАВИАБОМБЫ";"1.1D"
"0039";"ФОТОАВИАБОМБЫ";"1.2G"
"0042";"ДЕТОНАТОРЫ ВТОРИЧНЫЕ без первичного детонатора";"1.1D"
"0043";"ЗАРЯДЫ РАЗРЫВНЫЕ взрывчатые";"1.1D"
"0044";"КАПСЮЛИ-ВОСПЛАМЕНИТЕЛИ";"1.4S"
"0048";"ЗАРЯДЫ ПОДРЫВНЫЕ";"1.1D"
"0049";"ПАТРОНЫ ОСВЕТИТЕЛЬНЫЕ";"1.1G"
"0050";"ПАТРОНЫ ОСВЕТИТЕЛЬНЫЕ";"1.3G"
"0054";"ПАТРОНЫ СИГНАЛЬНЫЕ";"1.3G"
"0055";"ГИЛЬЗЫ ПАТРОННЫЕ ПУСТЫЕ С КАПСЮЛЯМИ";"1.4S"
"0056";"БОМБЫ ГЛУБИННЫЕ";"1.1D"
"0060";"ЗАРЯДЫ ДОПОЛНИТЕЛЬНЫЕ ВЗРЫВЧАТЫЕ";"1.1D"
"0066";"ШНУР ОГНЕПРОВОДНЫЙ";"1.4G"
"0070";"РЕЗАКИ КАБЕЛЬНЫЕ ВЗРЫВЧАТЫЕ";"1.4S"
"0072";"ЦИКЛОТРИМЕТИЛЕНТРИНИТРАМИН (ГЕКСОГЕН, ЦИКЛОНИТ, RDX) УВЛАЖНЕННЫЙ с массовой долей воды не менее 15%";"1.1D"
"0073";"ДЕТОНАТОРЫ ДЛЯ БОЕПРИПАСОВ";"1.1B"
"0074";"ДИАЗОДИНИТРОФЕНОЛ УВЛАЖНЕННЫЙ с массовой долей воды или смеси спирта и воды не менее 40%";"1.1A"
"0075";"ДИЭТИЛЕНГЛИКОЛЬДИНИТРАТ ДЕСЕНСИБИЛИЗИРОВАННЫЙ с массовой долей нелетучего и нерастворимого в воде флегматизатора не менее 25%";"1.1D"
"0076";"ДИНИТРОФЕНОЛ сухой или увлажненный с массовой долей воды менее 15%";"1.1D"
"0077";"ДИНИТРОФЕНОЛЯТЫ щелочных металлов сухие или увлажненные с массовой долей воды менее 15%";"1.3C"
"0078";"ДИНИТРОРЕЗОРЦИН сухой или увлажненный с массовой долей воды менее 15%";"1.1D"
"0079";"ГЕКСАНИТРОДИФЕНИЛАМИН (ДИПИКРИЛАМИН, ГЕКСИЛ)";"1.1D"
"0081";"ВЗРЫВЧАТОЕ ВЕЩЕСТВО БРИЗАНТНОЕ, ТИП А";"1.1D"
"0082";"ВЗРЫВЧАТОЕ ВЕЩЕСТВО БРИЗАНТНОЕ, ТИП В";"1.1D"
"0083";"ВЗРЫВЧАТОЕ ВЕЩЕСТВО БРИЗАНТНОЕ, ТИП С";"1.1D"
"0084";"ВЗРЫВЧАТОЕ ВЕЩЕСТВО БРИЗАНТНОЕ, ТИП D";"1.1D"
"0092";"РАКЕТЫ ОСВЕТИТЕЛЬНЫЕ, ЗАПУСКАЕМЫЕ С ЗЕМЛИ";"1.3G"
"0093";"РАКЕТЫ ОСВЕТИТЕЛЬНЫЕ АВИАЦИОННЫЕ";"1.3G"
"0094";"ПОРОХ ДЛЯ ПИРОТЕХНИЧЕСКИХ ИЗДЕЛИЙ";"1.1G"
"0101";"ВЗРЫВАТЕЛЬ НЕДЕТОНИРУЮЩИЙ";"1.3G"
"0102";"ШНУР (ЗАПАЛ) ДЕТОНИРУЮЩИЙ в металлической оболочке";"1.2D"
"0103";"ЗАПАЛ трубчатый в металлической оболочке";"1.4G"
"0104";"ШНУР (ЗАПАЛ) ДЕТОНИРУЮЩИЙ СЛАБОГО ДЕЙСТВИЯ в металлической оболочке";"1.4D"
"0105";"ШНУР ОГНЕПРОВОДНЫЙ БЕЗОПАСНЫЙ";"1.4S"
"0106";"ТРУБКИ ДЕТОНАЦИОННЫЕ";"1.1B"
"0107";"ТРУБКИ ДЕТОНАЦИОННЫЕ";"1.2B"
"0110";"ГРАНАТЫ ПРАКТИЧЕСКИЕ ручные или ружейные";"1.4S"
"0113";"ГУАНИЛНИТРОЗОАМИНОГУАНИЛИДЕНГИДРАЗИН УВЛАЖНЕННЫЙ с массовой долей воды не менее 30%";"1.1A"
"0114";"ГУАНИЛНИТРОЗОАМИНОГУАНИЛТЕТРАЗЕН (ТЕТРАЗЕН) УВЛАЖНЕННЫЙ с массовой долей воды или смеси спирта и воды не менее 30%";"1.1A"
"0118";"ГЕКСОЛИТ (ГЕКСОТОЛ) сухой или увлажненный с массовой долей воды менее 15%";"1.1D"
"0121";"ВОСПЛАМЕНИТЕЛИ";"1.1G"
"0129";"СВИНЦА АЗИД УВЛАЖНЕННЫЙ с массовой долей воды или смеси спирта и воды не менее 20%";"1.1A"
"0130";"СВИНЦА СТИФНАТ (СВИНЦА ТРИНИТРОРЕЗОРЦИНАТ) УВЛАЖНЕННЫЙ с массовой долей воды или смеси спирта и воды не менее 20%";"1.1A"
"0131";"ВОСПЛАМЕНИТЕЛИ ОГНЕПРОВОДНОГО ШНУРА";"1.4S"
"0132";"СОЛИ МЕТАЛЛОВ ДЕФЛАГРИРУЮЩИЕ, НИТРОПРОИЗВОДНЫЕ АРОМАТИЧЕСКОГО РЯДА, Н.У.К.";"1.3C"
"0133";"МАННИТГЕКСАНИТРАТ (НИТРОМАННИТ) УВЛАЖНЕННЫЙ с массовой долей воды или смеси спирта и воды не менее 40%";"1.1D"
"0135";"РТУТЬ ГРЕМУЧАЯ УВЛАЖНЕННАЯ с массовой долей воды или смеси спирта и воды не менее 20%";"1.1A"
"0136";"МИНЫ с разрывным зарядом";"1.1F"
"0137";"МИНЫ с разрывным зарядом";"1.1D"
"0138";"МИНЫ с разрывным зарядом";"1.2D"
"0143";"НИТРОГЛИЦЕРИН ДЕСЕНСИБИЛИЗИРОВАННЫЙ с массовой долей нелетучего и нерастворимого в воде флегматизатора не менее 40%";"1.1D"
"0144";"НИТРОГЛИЦЕРИНА СПИРТОВОЙ РАСТВОР с массовой долей нитроглицерина более 1%, но не более 10%";"1.1D"
"0146";"НИТРОКРАХМАЛ сухой или увлажненный с массовой долей воды менее 20%";"1.1D"
"0147";"НИТРОМОЧЕВИНА";"1.1D"
"0150";"ПЕНТАЭРИТРИТТЕТРАНИТРАТ (ПЕНТАЭРИТРИТОЛ ТЕТРАНИТРАТ; ПЭТН) УВЛАЖНЕННЫЙ с массовой долей воды не менее 25%";"1.1D"
"0150";"ПЕНТАЭРИТРИТТЕТРАНИТРАТ (ПЕНТАЭРИТРИТОЛ ТЕТРАНИТРАТ; ПЭТН) ДЕСЕНСИБИЛИЗИРОВАННЫЙ с массовой долей флегматизатора не менее 15%";"1.1D"
"0151";"ПЕНТОЛИТ сухой или увлажнен-ный с массовой долей воды менее 15%";"1.1D"
"0153";"ТРИНИТРОАНИЛИН (ПИКРАМИД)";"1.1D"
"0154";"ТРИНИТРОФЕНОЛ (КИСЛОТА ПИКРИНОВАЯ) сухой или увлажненный с массовой долей воды менее 30%";"1.1D"
"0155";"ТРИНИТРОХЛОРБЕНЗОЛ (ПИКРИЛХЛОРИД)";"1.1D"
"0159";"ПОРОХ В БРИКЕТАХ (ПАСТА ПОРОХОВАЯ) УВЛАЖНЕННЫЙ с массовой долей воды не менее 25%";"1.3C"
"0160";"ПОРОХ БЕЗДЫМНЫЙ";"1.1C"
"0167";"СНАРЯДЫ с разрывным зарядом";"1.1F"
"0168";"СНАРЯДЫ с разрывным зарядом";"1.1D"
"0169";"СНАРЯДЫ с разрывным зарядом";"1.2D"
"0171";"БОЕПРИПАСЫ ОСВЕТИТЕЛЬНЫЕ, снаряженные или не снаряженные разрывным, вышибным или метательным зарядом";"1.2G"
"0173";"УСТРОЙСТВА РАСЦЕПЛЕНИЯ ВЗРЫВЧАТЫЕ";"1.4S"
"0174";"ЗАКЛЕПКИ ВЗРЫВЧАТЫЕ";"1.4S"
"0180";"РАКЕТЫ с разрывным зарядом";"1.1F"
"0181";"РАКЕТЫ с разрывным зарядом";"1.1E"
"0182";"РАКЕТЫ с разрывным зарядом";"1.2E"
"0183";"РАКЕТЫ с инертной головкой";"1.3C"
"0186";"ДВИГАТЕЛИ РАКЕТНЫЕ";"1.3C"
"0190";"ВЗРЫВЧАТЫХ ВЕЩЕСТВ ОБРАЗЦЫ, кроме инициирующих ВВ";""
"0191";"УСТРОЙСТВА СИГНАЛЬНЫЕ РУЧНЫЕ";"1.4G"
"0192";"ПЕТАРДЫ ЖЕЛЕЗНОДОРОЖНЫЕ ВЗРЫВЧАТЫЕ";"1.1G"
"0193";"ПЕТАРДЫ ЖЕЛЕЗНОДОРОЖНЫЕ ВЗРЫВЧАТЫЕ";"1.4S"
"0194";"СИГНАЛЫ БЕДСТВИЯ судовые";"1.1G"
"0195";"СИГНАЛЫ БЕДСТВИЯ судовые";"1.3G"
"0196";"СИГНАЛЫ ДЫМОВЫЕ";"1.1G"
"0197";"СИГНАЛЫ ДЫМОВЫЕ";"1.4G"
"0204";"СИГНАЛЫ ЗВУКОВЫЕ ВЗРЫВЧАТЫЕ";"1.2F"
"0207";"ТЕТРАНИТРОАНИЛИН";"1.1D"
"0208";"ТРИНИТРОФЕНИЛМЕТИЛНИТРАМИН (ТЕТРИЛ)";"1.1D"
"0209";"ТРИНИТРОТОЛУОЛ (ТНТ) сухой или увлажненный с массовой долей воды менее 30%";"1.1D"
"0212";"ТРАССЕРЫ ДЛЯ БОЕПРИПАСОВ";"1.3G"
"0213";"ТРИНИТРОАНИЗОЛ";"1.1D"
"0214";"ТРИНИТРОБЕНЗОЛ сухой или увлажненный с массовой долей воды менее 30%";"1.1D"
"0215";"КИСЛОТА ТРИНИТРОБЕНЗОЙНАЯ сухая или увлажненная с массовой долей воды менее 30%";"1.1D"
"0216";"ТРИНИТРО-м-КРЕЗОЛ";"1.1D"
"0217";"ТРИНИТРОНАФТАЛИН";"1.1D"
"0218";"ТРИНИТРОФЕНЕТОЛ";"1.1D"
"0219";"ТРИНИТРОРЕЗОРЦИН (КИСЛОТА СТИФНИНОВАЯ) сухой или увлажненный с массовой долей воды или смеси спирта и воды менее 20%";"1.1D"
"0220";"МОЧЕВИНЫ НИТРАТ сухой или увлажненный с массовой долей воды менее 20%";"1.1D"
"0221";"БОЕГОЛОВКИ ТОРПЕД с разрывным зарядом";"1.1D"
"0222";"АММОНИЯ НИТРАТ";"1.1D"
"0224";"БАРИЯ АЗИД сухой или увлаж-ненный с массовой долей воды менее 50%";"1.1A"
"0225";"ДЕТОНАТОРЫ ВТОРИЧНЫЕ С ПЕРВИЧНЫМ ДЕТОНАТОРОМ";"1.1B"
"0226";"ЦИКЛОТЕТРАМЕТИЛЕНТЕТРАНИТРАМИН (НМХ; ОКТОГЕН) УВЛАЖНЕННЫЙ с массовой долей воды не менее 15%";"1.1D"
"0234";"НАТРИЯ ДИНИТРО-о-КРЕЗОЛЯТ сухой или увлажненный с массовой долей воды менее 15%";"1.3C"
"0235";"НАТРИЯ ПИКРАМАТ сухой или увлажненный с массовой долей воды менее 20%";"1.3C"
"0236";"ЦИРКОНИЯ ПИКРАМАТ сухой или увлажненный с массовой долей воды менее 20%";"1.3C"
"0237";"ЗАРЯДЫ КУМУЛЯТИВНЫЕ ГИБКИЕ УДЛИНЕННЫЕ";"1.4D"
"0238";"РАКЕТЫ ТРОСОМЕТАТЕЛЬНЫЕ";"1.2G"
"0240";"РАКЕТЫ ТРОСОМЕТАТЕЛЬНЫЕ";"1.3G"
"0241";"ВЗРЫВЧАТОЕ ВЕЩЕСТВО БРИЗАНТНОЕ, ТИП Е";"1.1D"
"0242";"ЗАРЯДЫ МЕТАТЕЛЬНЫЕ ДЛЯ ОРУДИЙ";"1.3C"
"0243";"БОЕПРИПАСЫ ЗАЖИГАТЕЛЬНЫЕ С БЕЛЫМ ФОСФОРОМ с разрывным, вышибным или метательным зарядом";"1.2H"
"0244";"БОЕПРИПАСЫ ЗАЖИГАТЕЛЬНЫЕ С БЕЛЫМ ФОСФОРОМ с разрывным, вышибным или метательным зарядом";"1.3H"
"0245";"БОЕПРИПАСЫ ДЫМОВЫЕ С БЕЛЫМ ФОСФОРОМ с разрывным, вышибным или метательным зарядом";"1.2H"
"0246";"БОЕПРИПАСЫ ДЫМОВЫЕ С БЕЛЫМ ФОСФОРОМ с разрывным, вышибным или метательным зарядом";"1.3H"
"0247";"БОЕПРИПАСЫ ЗАЖИГАТЕЛЬНЫЕ, снаряженные жидкостью или гелем, с разрывным, вышибным или метательным зарядом";"1.3J"
"0248";"УСТРОЙСТВА ВОДОАКТИВИРУЕМЫЕ с разрывным, вышибным или метательным зарядом";"1.2L"
"0249";"УСТРОЙСТВА ВОДОАКТИВИРУЕМЫЕ с разрывным, вышибным или метательным зарядом";"1.3L"
"0250";"ДВИГАТЕЛИ РАКЕТНЫЕ С ГИПЕРГОЛИЧЕСКОЙ ЖИДКОСТЬЮ с вышибным зарядом или без него";"1.3L"
"0254";"БОЕПРИПАСЫ ОСВЕТИТЕЛЬНЫЕ, снаряженные или не снаряженные разрывным, вышибным или метательным зарядом";"1.3G"
"0255";"ДЕТОНАТОРЫ ЭЛЕКТРИЧЕСКИЕ для взрывных работ";"1.4B"
"0257";"ТРУБКИ ДЕТОНАЦИОННЫЕ";"1.4B"
"0266";"ОКТОЛИТ (ОКТОЛ) сухой или увлажненный с массовой долей воды менее 15%";"1.1D"
"0267";"ДЕТОНАТОРЫ НЕЭЛЕКТРИЧЕСКИЕ для взрывных работ";"1.4B"
"0268";"ДЕТОНАТОРЫ ВТОРИЧНЫЕ С ПЕРВИЧНЫМ ДЕТОНАТОРОМ";"1.2B"
"0271";"ЗАРЯДЫ МЕТАТЕЛЬНЫЕ";"1.1C"
"0272";"ЗАРЯДЫ МЕТАТЕЛЬНЫЕ";"1.3C"
"0275";"ПАТРОНЫ ДЛЯ ЗАПУСКА МЕХАНИЗМОВ";"1.3C"
"0276";"ПАТРОНЫ ДЛЯ ЗАПУСКА МЕХАНИЗМОВ";"1.4C"
"0277";"ПАТРОНЫ ДЛЯ НЕФТЕСКВАЖИН";"1.3C"
"0279";"ЗАРЯДЫ МЕТАТЕЛЬНЫЕ ДЛЯ ОРУДИЙ";"1.1C"
"0280";"ДВИГАТЕЛИ РАКЕТНЫЕ";"1.1C"
"0281";"ДВИГАТЕЛИ РАКЕТНЫЕ";"1.2C"
"0282";"НИТРОГУАНИДИН (ПИКРИТ) сухой или увлажненный с массовой долей воды менее 20%";"1.1D"
"0283";"ДЕТОНАТОРЫ ВТОРИЧНЫЕ без первичного детонатора";"1.2D"
"0284";"ГРАНАТЫ ручные или ружейные с разрывным зарядом";"1.1D"
"0285";"ГРАНАТЫ ручные или ружейные с разрывным зарядом";"1.2D"
"0286";"БОЕГОЛОВКИ РАКЕТ с разрывным зарядом";"1.1D"
"0287";"БОЕГОЛОВКИ РАКЕТ с разрывным зарядом";"1.2D"
"0288";"ЗАРЯДЫ КУМУЛЯТИВНЫЕ ГИБКИЕ УДЛИНЕННЫЕ";"1.1D"
"0289";"ШНУР ДЕТОНИРУЮЩИЙ гибкий";"1.4D"
"0291";"БОМБЫ с разрывным зарядом";"1.2F"
"0292";"ГРАНАТЫ ручные или ружейные с разрывным зарядом";"1.1F"
"0293";"ГРАНАТЫ ручные или ружейные с разрывным зарядом";"1.2F"
"0294";"МИНЫ С РАЗРЫВНЫМ ЗАРЯДОМ";"1.2F"
"0295";"РАКЕТЫ с разрывным зарядом";"1.2F"
"0296";"СИГНАЛЫ ЗВУКОВЫЕ ВЗРЫВЧАТЫЕ";"1.1F"
"0297";"БОЕПРИПАСЫ ОСВЕТИТЕЛЬНЫЕ, снаряженные или не снаря-женные разрывным, вышибным или метательным зарядом";"1.4G"
"0299";"ФОТОАВИАБОМБЫ";"1.3G"
"0300";"БОЕПРИПАСЫ ЗАЖИГАТЕЛЬНЫЕ, снаряженные или не снаря-женные разрывным, вышибным или метательным зарядом";"1.4G"
"0301";"БОЕПРИПАСЫ СЛЕЗОТОЧИВЫЕ с разрывным, вышибным или метательным зарядом";"1.4G"
"0303";"БОЕПРИПАСЫ ДЫМОВЫЕ, снаряженные или не снаряженные разрывным, вышибным или мета-тельным зарядом";"1.4G"
"0303";"БОЕПРИПАСЫ ДЫМОВЫЕ, снаряженные или не снаряженные разрывным, вышибным или мета-тельным зарядом, содержащие коррозионные вещества";"1.4G"
"0303";"БОЕПРИПАСЫ ДЫМОВЫЕ, снаряженные или не снаряженные разрывным, вышибным или мета-тельным зарядом, содержащие токсичные при вдыхании вещества";"1.4G"
"0305";"ПОРОХ ДЛЯ ПИРОТЕХНИЧЕСКИХ ИЗДЕЛИЙ";"1.3G"
"0306";"ТРАССЕРЫ ДЛЯ БОЕПРИПАСОВ";"1.4G"
"0312";"ПАТРОНЫ СИГНАЛЬНЫЕ";"1.4G"
"0313";"СИГНАЛЫ ДЫМОВЫЕ";"1.2G"
"0314";"ВОСПЛАМЕНИТЕЛИ";"1.2G"
"0315";"ВОСПЛАМЕНИТЕЛИ";"1.3G"
"0316";"ТРУБКИ ЗАЖИГАТЕЛЬНЫЕ";"1.3G"
"0317";"ТРУБКИ ЗАЖИГАТЕЛЬНЫЕ";"1.4G"
"0318";"ГРАНАТЫ ПРАКТИЧЕСКИЕ ручные или ружейные";"1.3G"
"0319";"ВТУЛКИ КАПСЮЛЬНЫЕ";"1.3G"
"0320";"ВТУЛКИ КАПСЮЛЬНЫЕ";"1.4G"
"0321";"ПАТРОНЫ ДЛЯ ОРУЖИЯ с разрывным зарядом";"1.2E"
"0322";"ДВИГАТЕЛИ РАКЕТНЫЕ С ГИПЕРГОЛИЧЕСКОЙ ЖИДКОСТЬЮ с вышибным зарядом или без него";"1.2L"
"0323";"ПАТРОНЫ ДЛЯ ЗАПУСКА МЕХАНИЗМОВ";"1.4S"
"0324";"СНАРЯДЫ с разрывным зарядом";"1.2F"
"0325";"ВОСПЛАМЕНИТЕЛИ";"1.4G"
"0326";"ПАТРОНЫ ДЛЯ ОРУЖИЯ ХОЛОСТЫЕ";"1.1C"
"0327";"ПАТРОНЫ ДЛЯ ОРУЖИЯ ХОЛОСТЫЕ";"1.3C"
"0327";"ПАТРОНЫ ДЛЯ СТРЕЛКОВОГО ОРУЖИЯ ХОЛОСТЫЕ";"1.3C"
"0328";"ПАТРОНЫ ДЛЯ ОРУЖИЯ С ИНЕРТНЫМ СНАРЯДОМ";"1.2C"
"0329";"ТОРПЕДЫ с разрывным зарядом";"1.1E"
"0330";"ТОРПЕДЫ с разрывным зарядом";"1.1F"
"0331";"ВЗРЫВЧАТОЕ ВЕЩЕСТВО БРИЗАНТНОЕ, ТИП В";"1.5D"
"0332";"ВЗРЫВЧАТОЕ ВЕЩЕСТВО БРИЗАНТНОЕ, ТИП Е";"1.5D"
"0333";"СРЕДСТВА ПИРОТЕХНИЧЕСКИЕ";"1.1G"
"0334";"СРЕДСТВА ПИРОТЕХНИЧЕСКИЕ";"1.2G"
"0335";"СРЕДСТВА ПИРОТЕХНИЧЕСКИЕ";"1.3G"
"0336";"СРЕДСТВА ПИРОТЕХНИЧЕСКИЕ";"1.4G"
"0337";"СРЕДСТВА ПИРОТЕХНИЧЕСКИЕ";"1.4S"
"0338";"ПАТРОНЫ ДЛЯ ОРУЖИЯ ХОЛОСТЫЕ";"1.4C"
"0338";"ПАТРОНЫ ДЛЯ СТРЕЛКОВОГО ОРУЖИЯ ХОЛОСТЫЕ";"1.4C"
"0339";"ПАТРОНЫ ДЛЯ ОРУЖИЯ С ИНЕРТНЫМ СНАРЯДОМ";"1.4C"
"0339";"ПАТРОНЫ ДЛЯ СТРЕЛКОВОГО ОРУЖИЯ";"1.4C"
"0340";"НИТРОЦЕЛЛЮЛОЗА сухая или увлажненная с массовой долей воды (или спирта) менее 25%";"1.1D"
"0341";"НИТРОЦЕЛЛЮЛОЗА немодифицированная или пластифицированная с массовой долей пластификатора менее 18%";"1.1D"
"0342";"НИТРОЦЕЛЛЮЛОЗА ПРОПИТАННАЯ с массовой долей спирта не менее 25%";"1.3C"
"0343";"НИТРОЦЕЛЛЮЛОЗА ПЛАСТИФИЦИРОВАННАЯ с массовой долей пластификатора не менее 18%";"1.3C"
"0344";"СНАРЯДЫ с разрывным зарядом";"1.4D"
"0345";"СНАРЯДЫ инертные с трассером";"1.4S"
"0346";"СНАРЯДЫ с разрывным или вышибным зарядом";"1.2D"
"0347";"СНАРЯДЫ с разрывным или вышибным зарядом";"1.4D"
"0348";"ПАТРОНЫ ДЛЯ ОРУЖИЯ с разрывным зарядом";"1.4F"
"0349";"ИЗДЕЛИЯ ВЗРЫВЧАТЫЕ, Н.У.К.";"1.4S"
"0350";"ИЗДЕЛИЯ ВЗРЫВЧАТЫЕ, Н.У.К.";"1.4B"
"0351";"ИЗДЕЛИЯ ВЗРЫВЧАТЫЕ, Н.У.К.";"1.4C"
"0352";"ИЗДЕЛИЯ ВЗРЫВЧАТЫЕ, Н.У.К.";"1.4D"
"0353";"ИЗДЕЛИЯ ВЗРЫВЧАТЫЕ, Н.У.К.";"1.4G"
"0354";"ИЗДЕЛИЯ ВЗРЫВЧАТЫЕ, Н.У.К.";"1.1L"
"0355";"ИЗДЕЛИЯ ВЗРЫВЧАТЫЕ, Н.У.К.";"1.2L"
"0356";"ИЗДЕЛИЯ ВЗРЫВЧАТЫЕ, Н.У.К.";"1.3L"
"0357";"ВЕЩЕСТВА ВЗРЫВЧАТЫЕ, Н.У.К.";"1.1L"
"0358";"ВЕЩЕСТВА ВЗРЫВЧАТЫЕ, Н.У.К.";"1.2L"
"0359";"ВЕЩЕСТВА ВЗРЫВЧАТЫЕ, Н.У.К.";"1.3L"
"0360";"СБОРКИ ДЕТОНАТОРОВ НЕЭЛЕКТРИЧЕСКИЕ для взрывных работ";"1.1B"
"0361";"СБОРКИ ДЕТОНАТОРОВ НЕЭЛЕКТРИЧЕСКИЕ для взрывных работ";"1.4B"
"0362";"БОЕПРИПАСЫ ПРАКТИЧЕСКИЕ";"1.4G"
"0363";"БОЕПРИПАСЫ ИСПЫТАТЕЛЬНЫЕ";"1.4G"
"0364";"ДЕТОНАТОРЫ ДЛЯ БОЕПРИПАСОВ";"1.2B"
"0365";"ДЕТОНАТОРЫ ДЛЯ БОЕПРИПАСОВ";"1.4B"
"0366";"ДЕТОНАТОРЫ ДЛЯ БОЕПРИПАСОВ";"1.4S"
"0367";"ТРУБКИ ДЕТОНАЦИОННЫЕ";"1.4S"
"0368";"ТРУБКИ ЗАЖИГАТЕЛЬНЫЕ";"1.4S"
"0369";"БОЕГОЛОВКИ РАКЕТ с разрывным зарядом";"1.1F"
"0370";"БОЕГОЛОВКИ РАКЕТ с разрывным или вышибным зарядом";"1.4D"
"0371";"БОЕГОЛОВКИ РАКЕТ с разрывным или вышибным зарядом";"1.4F"
"0372";"ГРАНАТЫ ПРАКТИЧЕСКИЕ ручные или ружейные";"1.2G"
"0373";"УСТРОЙСТВА СИГНАЛЬНЫЕ РУЧНЫЕ";"1.4S"
"0374";"СИГНАЛЫ ЗВУКОВЫЕ ВЗРЫВЧАТЫЕ";"1.1D"
"0375";"СИГНАЛЫ ЗВУКОВЫЕ ВЗРЫВЧАТЫЕ";"1.2D"
"0376";"ВТУЛКИ КАПСЮЛЬНЫЕ";"1.4S"
"0378";"КАПСЮЛИ-ВОСПЛАМЕНИТЕЛИ";"1.4B"
"0379";"ГИЛЬЗЫ ПАТРОННЫЕ ПУСТЫЕ С КАПСЮЛЯМИ";"1.4C"
"0380";"ИЗДЕЛИЯ ПИРОФОРНЫЕ";"1.2L"
"0382";"ЭЛЕМЕНТЫ ЦЕПИ ВЗРЫВАНИЯ, Н.У.К.";"1.2B"
"0383";"ЭЛЕМЕНТЫ ЦЕПИ ВЗРЫВАНИЯ, Н.У.К.";"1.4B"
"0384";"ЭЛЕМЕНТЫ ЦЕПИ ВЗРЫВАНИЯ, Н.У.К.";"1.4S"
"0385";"5-НИТРОБЕНЗОТРИАЗОЛ";"1.1D"
"0386";"КИСЛОТА ТРИНИТРОБЕНЗОЛСУЛЬФОНОВАЯ";"1.1D"
"0387";"ТРИНИТРОФТОРЕНОН";"1.1D"
"0388";"ТРИНИТРОТОЛУОЛА (ТНТ) И ТРИНИТРОБЕНЗОЛА СМЕСЬ";"1.1D"
"0388";"ТРИНИТРОТОЛУОЛА (ТНТ) И ГЕКСАНИТРОСТИЛЬБЕНА СМЕСЬ";"1.1D"
"0389";"ТРИНИТРОТОЛУОЛА (ТНТ) СМЕСЬ, СОДЕРЖАЩАЯ ТРИНИТРОБЕНЗОЛ И ГЕКСАНИТРОСТИЛЬБЕН";"1.1D"
"0390";"ТРИТОНАЛ";"1.1D"
"0391";"ЦИКЛОТРИМЕТИЛЕНТРИНИТРАМИНА (ГЕКСОГЕНА; ЦИКЛОНИТА; RDX) И ЦИКЛОТЕТРАМЕТИЛЕНТЕТРАНИТРАМИНА (НМХ; ОКТОГЕН) СМЕСЬ УВЛАЖНЕННАЯ с массовой долей воды не менее 15%";"1.1D"
"0391";"ЦИКЛОТРИМЕТИЛЕНТРИНИТРАМИНА И ЦИКЛОТЕТРАМЕТИЛЕНТЕТРАНИТРАМИНА СМЕСЬ ДЕСЕНСИБИЛИЗИРОВАННАЯ с массовой долей флегматизатора не менее 10%";"1.1D"
"0392";"ГЕКСАНИТРОСТИЛЬБЕН";"1.1D"
"0393";"ГЕКСАТОНАЛ";"1.1D"
"0394";"ТРИНИТРОРЕЗОРЦИН (КИСЛОТА СТИФНИНОВАЯ) УВЛАЖНЕННЫЙ с массовой долей воды или смеси спирта и воды не менее 20%";"1.1D"
"0395";"ДВИГАТЕЛИ РАКЕТНЫЕ ЖИДКОСТНЫЕ, ЗАПРАВЛЕННЫЕ ТОПЛИВОМ";"1.2J"
"0396";"ДВИГАТЕЛИ РАКЕТНЫЕ ЖИДКОСТНЫЕ, ЗАПРАВЛЕННЫЕ ТОПЛИВОМ";"1.3J"
"0397";"РАКЕТЫ, ЗАПРАВЛЕННЫЕ ЖИДКИМ ТОПЛИВОМ, с разрывным зарядом";"1.1J"
"0398";"РАКЕТЫ, ЗАПРАВЛЕННЫЕ ЖИДКИМ ТОПЛИВОМ, с разрывным зарядом";"1.2J"
"0399";"БОМБЫ С ЛЕГКОВОСПЛАМЕНЯЮЩЕЙСЯ ЖИДКОСТЬЮ с разрывным зарядом";"1.1J"
"0400";"БОМБЫ С ЛЕГКОВОСПЛАМЕНЯЮЩЕЙСЯ ЖИДКОСТЬЮ с разрывным зарядом";"1.2J"
"0401";"ДИПИКРИЛСУЛЬФИД сухой или увлажненный с массовой долей воды менее 10%";"1.1D"
"0402";"АММОНИЯ ПЕРХЛОРАТ";"1.1D"
"0403";"РАКЕТЫ ОСВЕТИТЕЛЬНЫЕ АВИАЦИОННЫЕ";"1.4G"
"0404";"РАКЕТЫ ОСВЕТИТЕЛЬНЫЕ АВИАЦИОННЫЕ";"1.4S"
"0405";"ПАТРОНЫ СИГНАЛЬНЫЕ";"1.4S"
"0406";"ДИНИТРОЗОБЕНЗОЛ";"1.3C"
"0407";"КИСЛОТА ТЕТРАЗОЛ-1-УКСУСНАЯ";"1.4C"
"0408";"ТРУБКИ ДЕТОНАЦИОННЫЕ с защитными элементами";"1.1D"
"0410";"ТРУБКИ ДЕТОНАЦИОННЫЕ с защитными элементами";"1.4D"
"0411";"ПЕНТАЭРИТРИТТЕТРАНИТРАТ (ПЕНТАЭРИТРОЛТЕТРАНИТРАТ; ПЭТН) с массовой долей парафина не менее 7%";"1.1D"
"0412";"ПАТРОНЫ ДЛЯ ОРУЖИЯ с разрывным зарядом";"1.4E"
"0413";"ПАТРОНЫ ДЛЯ ОРУЖИЯ ХОЛОСТЫЕ";"1.2C"
"0414";"ЗАРЯДЫ МЕТАТЕЛЬНЫЕ ДЛЯ ОРУДИЙ";"1.2C"
"0415";"ЗАРЯДЫ МЕТАТЕЛЬНЫЕ";"1.2C"
"0417";"ПАТРОНЫ ДЛЯ ОРУЖИЯ С ИНЕРТНЫМ СНАРЯДОМ";"1.3C"
"0417";"ПАТРОНЫ ДЛЯ СТРЕЛКОВОГО ОРУЖИЯ";"1.3C"
"0418";"РАКЕТЫ ОСВЕТИТЕЛЬНЫЕ, ЗАПУСКАЕМЫЕ С ЗЕМЛИ";"1.1G"
"0419";"РАКЕТЫ ОСВЕТИТЕЛЬНЫЕ, ЗАПУСКАЕМЫЕ С ЗЕМЛИ";"1.2G"
"0420";"РАКЕТЫ ОСВЕТИТЕЛЬНЫЕ АВИАЦИОННЫЕ";"1.1G"
"0421";"РАКЕТЫ ОСВЕТИТЕЛЬНЫЕ АВИАЦИОННЫЕ";"1.2G"
"0424";"СНАРЯДЫ инертные с трассером";"1.3G"
"0425";"СНАРЯДЫ инертные с трассером";"1.4G"
"0426";"СНАРЯДЫ с разрывным или вышибным зарядом";"1.2F"
"0427";"СНАРЯДЫ с разрывным или вышибным зарядом";"1.4F"
"0428";"ИЗДЕЛИЯ ПИРОТЕХНИЧЕСКИЕ для технических целей";"1.1G"
"0429";"ИЗДЕЛИЯ ПИРОТЕХНИЧЕСКИЕ для технических целей";"1.2G"
"0430";"ИЗДЕЛИЯ ПИРОТЕХНИЧЕСКИЕ для технических целей";"1.3G"
"0431";"ИЗДЕЛИЯ ПИРОТЕХНИЧЕСКИЕ для технических целей";"1.4G"
"0432";"ИЗДЕЛИЯ ПИРОТЕХНИЧЕСКИЕ для технических целей";"1.4S"
"0433";"ПОРОХ В БРИКЕТАХ (ПАСТА ПОРОХОВАЯ), УВЛАЖНЕННЫЙ с массовой долей спирта не менее 17%";"1.1C"
"0434";"СНАРЯДЫ с разрывным или вышибным зарядом";"1.2G"
"0435";"СНАРЯДЫ с разрывным или вышибным зарядом";"1.4G"
"0436";"РАКЕТЫ с вышибным зарядом";"1.2C"
"0437";"РАКЕТЫ с вышибным зарядом";"1.3C"
"0438";"РАКЕТЫ с вышибным зарядом";"1.4C"
"0440";"ЗАРЯДЫ КУМУЛЯТИВНЫЕ без детонатора";"1.4D"
"0441";"ЗАРЯДЫ КУМУЛЯТИВНЫЕ без детонатора";"1.4S"
"0443";"ЗАРЯДЫ ВЗРЫВЧАТЫЕ ПРОМЫШЛЕННЫЕ без детонатора";"1.2D"
"0444";"ЗАРЯДЫ ВЗРЫВЧАТЫЕ ПРОМЫШЛЕННЫЕ без детонатора";"1.4D"
"0445";"ЗАРЯДЫ ВЗРЫВЧАТЫЕ ПРОМЫШЛЕННЫЕ без детонатора";"1.4S"
"0446";"ГИЛЬЗЫ СГОРАЕМЫЕ ПУСТЫЕ БЕЗ КАПСЮЛЯ";"1.4C"
"0447";"ГИЛЬЗЫ СГОРАЕМЫЕ ПУСТЫЕ БЕЗ КАПСЮЛЯ";"1.3C"
"0448";"КИСЛОТА 5-МЕРКАПТОТЕТРАЗОЛ-1-УКСУСНАЯ";"1.4C"
"0449";"ТОРПЕДЫ С ЖИДКИМ ТОПЛИВОМ, снаряженные или не снаряженные разрывным зарядом";"1.1J"
"0450";"ТОРПЕДЫ С ЖИДКИМ ТОПЛИВОМ с инертной головкой";"1.3J"
"0451";"ТОРПЕДЫ с разрывным зарядом";"1.1D"
"0452";"ГРАНАТЫ ПРАКТИЧЕСКИЕ ручные или ружейные";"1.4G"
"0453";"РАКЕТЫ ТРОСОМЕТАТЕЛЬНЫЕ";"1.4G"
"0454";"ВОСПЛАМЕНИТЕЛИ";"1.4S"
"0455";"ДЕТОНАТОРЫ НЕЭЛЕКТРИЧЕСКИЕ для взрывных работ";"1.4S"
"0456";"ДЕТОНАТОРЫ ЭЛЕКТРИЧЕ СКИЕ для взрывных работ";"1.4S"
"0457";"ЗАРЯДЫ РАЗРЫВНЫЕ ПЛАСТИФИЦИРОВАННЫЕ";"1.1D"
"0458";"ЗАРЯДЫ РАЗРЫВНЫЕ ПЛАСТИФИЦИРОВАННЫЕ";"1.2D"
"0459";"ЗАРЯДЫ РАЗРЫВНЫЕ ПЛАСТИФИЦИРОВАННЫЕ";"1.4D"
"0460";"ЗАРЯДЫ РАЗРЫВНЫЕ ПЛАСТИФИЦИРОВАННЫЕ";"1.4S"
"0461";"ЭЛЕМЕНТЫ ЦЕПИ ВЗРЫВАНИЯ, Н.У.К.";"1.1B"
"0462";"ВЗРЫВЧАТЫЕ ИЗДЕЛИЯ, Н.У.К.";"1.1C"
"0463";"ВЗРЫВЧАТЫЕ ИЗДЕЛИЯ, Н.У.К.";"1.1D"
"0464";"ВЗРЫВЧАТЫЕ ИЗДЕЛИЯ, Н.У.К.";"1.1E"
"0465";"ВЗРЫВЧАТЫЕ ИЗДЕЛИЯ, Н.У.К.";"1.1F"
"0466";"ВЗРЫВЧАТЫЕ ИЗДЕЛИЯ, Н.У.К.";"1.2C"
"0467";"ВЗРЫВЧАТЫЕ ИЗДЕЛИЯ, Н.У.К.";"1.2D"
"0468";"ВЗРЫВЧАТЫЕ ИЗДЕЛИЯ, Н.У.К.";"1.2E"
"0469";"ВЗРЫВЧАТЫЕ ИЗДЕЛИЯ, Н.У.К.";"1.2F"
"0470";"ВЗРЫВЧАТЫЕ ИЗДЕЛИЯ, Н.У.К.";"1.3C"
"0471";"ВЗРЫВЧАТЫЕ ИЗДЕЛИЯ, Н.У.К.";"1.4E"
"0472";"ВЗРЫВЧАТЫЕ ИЗДЕЛИЯ, Н.У.К.";"1.4F"
"0473";"ВЗРЫВЧАТЫЕ ВЕЩЕСТВА, Н.У.К.";"1.1A"
"0474";"ВЗРЫВЧАТЫЕ ВЕЩЕСТВА, Н.У.К.";"1.1C"
"0475";"ВЗРЫВЧАТЫЕ ВЕЩЕСТВА, Н.У.К.";"1.1D"
"0476";"ВЗРЫВЧАТЫЕ ВЕЩЕСТВА, Н.У.К.";"1.1G"
"0477";"ВЗРЫВЧАТЫЕ ВЕЩЕСТВА, Н.У.К.";"1.3C"
"0478";"ВЗРЫВЧАТЫЕ ВЕЩЕСТВА, Н.У.К.";"1.3G"
"0479";"ВЗРЫВЧАТЫЕ ВЕЩЕСТВА, Н.У.К.";"1.4C"
"0480";"ВЗРЫВЧАТЫЕ ВЕЩЕСТВА, Н.У.К.";"1.4D"
"0481";"ВЗРЫВЧАТЫЕ ВЕЩЕСТВА, Н.У.К.";"1.4S"
"0482";"ВЗРЫВЧАТЫЕ ВЕЩЕСТВА ОЧЕНЬ НИЗКОЙ ЧУВСТВИТЕЛЬНОСТИ (ВЗРЫВЧАТЫЕ ВЕЩЕСТВА ОНЧ), Н.У.К.";"1.5D"
"0483";"ЦИКЛОТРИМЕТИЛЕНТРИНИТРАМИН (ГЕКСОГЕН; ЦИКЛОНИТ; RDX) ДЕСЕНСИБИЛИЗИРОВАННЫЙ";"1.1D"
"0484";"ЦИКЛОТЕТРАМЕТИЛЕНТЕТРАНИТРАМИН (ОКТОГЕН; НМХ) ДЕСЕНСИБИЛИЗИРОВАННЫЙ";"1.1D"
"0485";"ВЕЩЕСТВА ВЗРЫВЧАТЫЕ, Н.У.К.";"1.4G"
"0486";"ВЗРЫВЧАТЫЕ ИЗДЕЛИЯ ЧРЕЗВЫЧАЙНО НИЗКОЙ ЧУВСТВИТЕЛЬНОСТИ (ВЗРЫВЧАТЫЕ ИЗДЕЛИЯ ЧНЧ)";"1.6N"
"0487";"СИГНАЛЫ ДЫМОВЫЕ";"1.3G"
"0488";"БОЕПРИПАСЫ ПРАКТИЧЕСКИЕ";"1.3G"
"0489";"ДИНИТРОГЛИКОЛЬУРИЛ (ДИНГУ)";"1.1D"
"0490";"НИТРОТРИАЗОЛОН (НТО)";"1.1D"
"0491";"ЗАРЯДЫ МЕТАТЕЛЬНЫЕ";"1.4C"
"0492";"ПЕТАРДЫ ЖЕЛЕЗНОДОРОЖНЫЕ ВЗРЫВЧАТЫЕ";"1.3G"
"0493";"ПЕТАРДЫ ЖЕЛЕЗНОДОРОЖНЫЕ ВЗРЫВЧАТЫЕ";"1.4G"
"0494";"СНАРЯДЫ ПЕРФОРАТОРНЫЕ для нефтескважин без детонатора";"1.4D"
"0495";"ВЗРЫВЧАТОЕ ВЕЩЕСТВО МЕТАТЕЛЬНОЕ ЖИДКОЕ";"1.3C"
"0496";"ОКТОНАЛ";"1.1D"
"0497";"ВЗРЫВЧАТОЕ ВЕЩЕСТВО МЕТАТЕЛЬНОЕ ЖИДКОЕ";"1.1C"
"0498";"ВЗРЫВЧАТОЕ ВЕЩЕСТВО МЕТАТЕЛЬНОЕ ТВЕРДОЕ";"1.1C"
"0499";"ВЗРЫВЧАТОЕ ВЕЩЕСТВО МЕТАТЕЛЬНОЕ ТВЕРДОЕ";"1.3C"
"0500";"СБОРКИ ДЕТОНАТОРОВ НЕЭЛЕКТРИЧЕСКИЕ для взрывных работ";"1.4S"
"0501";"ВЗРЫВЧАТОЕ ВЕЩЕСТВО МЕТАТЕЛЬНОЕ ТВЕРДОЕ";"1.4C"
"0502";"РАКЕТЫ с инертной головкой";"1.2C"
"0503";"УСТРОЙСТВА БЕЗОПАСНОСТИ ПИРОТЕХНИЧЕСКИЕ";"1.4G"
"0504";"1Н-ТЕТРАЗОЛ";"1.1D"
"0505";"СИГНАЛЫ БЕДСТВИЯ судовые";"1.4G"
"0506";"СИГНАЛЫ БЕДСТВИЯ судовые";"1.4S"
"0507";"СИГНАЛЫ ДЫМОВЫЕ";"1.4S"
"0508";"1-ГИДРОКСИБЕНЗОТРИАЗОЛ БЕЗВОДНЫЙ, сухой или увлажненный, с массовой долей воды менее 20%";"1.3C"
"0509";"ПОРОХ БЕЗДЫМНЫЙ";"1.4C"
"0510";"ДВИГАТЕЛИ РАКЕТНЫЕ";"1.4C"
"1169";"ЭКСТРАКТЫ АРОМАТИЧЕСКИЕ ЖИДКИЕ (давление паров при 50°С более 110 кПа)";"F1"
"1169";"ЭКСТРАКТЫ АРОМАТИЧЕСКИЕ ЖИДКИЕ (давление паров при 50°С не более 110 кПа)";"F1"
"1169";"ЭКСТРАКТЫ АРОМАТИЧЕСКИЕ ЖИДКИЕ";"F1"
"1169";"ЭКСТРАКТЫ АРОМАТИЧЕСКИЕ ЖИДКИЕ (имеющие температуру вспышки ниже 23°С и вязкие согласно пункту 2.2.3.1.4) (давление паров при 50°С более 110 кПа)";"F1"
"1169";"ЭКСТРАКТЫ АРОМАТИЧЕСКИЕ ЖИДКИЕ (имеющие температуру вспышки ниже 23°С и вязкие согласно пункту 2.2.3.1.4) (давление паров при 50°С не более 110 кПа)";"F1"
"1327";"Сено, Полова или Солома";"F1"
"1372";"Волокна животного происхождения или волокна растительного происхождения сожженные, влажные или сырые";"S2"
"1387";"Шерсти отходы влажные";"S2"
"1798";"КИСЛОТЫ АЗОТНОЙ И КИСЛОТЫ ХЛОРИСТОВОДОРОДНОЙ СМЕСЬ";"COT"
"1845";"Углерода диоксид твердый (лед сухой)";"M11"
"1856";"Ветошь промасленная";"S2"
"1857";"Текстиля отходы влажные";"S2"
"2071";"Удобрение на основе нитрата аммония, однородные азотно -фосфатные, азотно-калийные или азотно-фосфатно-калийные смеси, содержащие не более 70% нитрата аммония и не более 0,4% общего количества горючего/органического материала, расчитываемого по углероду, или не более 45% нитрата аммония и неограниченное количество горючего материала";"M11"
"2186";"ВОДОРОД ХЛОРИСТЫЙ ОХЛАЖДЕННЫЙ ЖИДКИЙ";"3TC"
"2216";"Мука рыбная (рыбные отходы) стабилизированная";"M11"
"2249";"ЭФИР ДИХЛОРДИМЕТИЛОВЫЙ СИММЕТРИЧНЫЙ";"T1"
"2421";"АЗОТА ТРИОКСИД";"2TOC"
"2455";"МЕТИЛНИТРИТ";"2A"
"2807";"Материал намагниченный";"M11"
"2812";"Натрия алюминат твердый";"C6"
"2908";"РАДИОАКТИВНЫЙ МАТЕРИАЛ, ОСВОБОЖДЕННАЯ УПАКОВКА - ПОРОЖНИЙ УПАКОВОЧНЫЙ КОМПЛЕКТ";""
"2909";"РАДИОАКТИВНЫЙ МАТЕРИАЛ, ОСВОБОЖДЕННАЯ УПАКОВКА - ИЗДЕЛИЯ, ИЗГОТОВЛЕННЫЕ ИЗ ПРИРОДНОГО УРАНА";""
"2909";"РАДИОАКТИВНЫЙ МАТЕРИАЛ, ОСВОБОЖДЕННАЯ УПАКОВКА - ИЗДЕЛИЯ, ИЗГОТОВЛЕННЫЕ ИЗ ОБЕДНЕННОГО УРАНА";""
"2909";"РАДИОАКТИВНЫЙ МАТЕРИАЛ, ОСВОБОЖДЕННАЯ УПАКОВКА - ИЗДЕЛИЯ, ИЗГОТОВЛЕННЫЕ ИЗ ПРИРОДНОГО ТОРИЯ";""
"2910";"РАДИОАКТИВНЫЙ МАТЕРИАЛ, ОСВОБОЖДЕННАЯ УПАКОВКА - ОГРАНИЧЕННОЕ КОЛИЧЕСТВО МАТЕРИАЛА";""
"2911";"РАДИОАКТИВНЫЙ МАТЕРИАЛ, ОСВОБОЖДЕННАЯ УПАКОВКА - ПРИБОРЫ";""
"2911";"РАДИОАКТИВНЫЙ МАТЕРИАЛ, ОСВОБОЖДЕННАЯ УПАКОВКА - ИЗДЕЛИЯ";""
"2912";"РАДИОАКТИВНЫЙ МАТЕРИАЛ, НИЗКАЯ УДЕЛЬНАЯ АКТИВНОСТЬ (LSA-I), неделящийся или делящийся-освобожденный";""
"2913";"РАДИОАКТИВНЫЙ МАТЕРИАЛ, ОБЪЕКТЫ С ПОВЕРХНОСТНЫМ РАДИОАКТИВНЫМ ЗАГРЯЗНЕНИЕМ (SCO-I или SCO-II), неделящийся или делящийся-освобожденный";""
"2915";"РАДИОАКТИВНЫЙ МАТЕРИАЛ, УПАКОВКА ТИПА А, не особого вида, неделящийся или делящийся-освобожденный";""
"2916";"РАДИОАКТИВНЫЙ МАТЕРИАЛ, УПАКОВКА ТИПА B(U), неделящийся или делящийся-освобожденный";""
"2917";"РАДИОАКТИВНЫЙ МАТЕРИАЛ, УПАКОВКА ТИПА B(M), неделящийся или делящийся-освобожденный";""
"2919";"РАДИОАКТИВНЫЙ МАТЕРИАЛ, ТРАНСПОРТИРУЕМЫЙ В СПЕЦИАЛЬНЫХ УСЛОВИЯХ, неделящийся или делящийся-освобожденный";""
"2977";"РАДИОАКТИВНЫЙ МАТЕРИАЛ, УРАНА ГЕКСАФТОРИД, ДЕЛЯЩИЙСЯ";""
"2978";"РАДИОАКТИВНЫЙ МАТЕРИАЛ, УРАНА ГЕКСАФТОРИД, неделящийся или делящийся-освобожденный";""
"3097";"ЛЕГКОВОСПЛАМЕНЯЮЩЕЕСЯ ТВЕРДОЕ ВЕЩЕСТВО ОКИСЛЯЮЩЕЕ, Н.У.К.";"FO"
"3100";"ОКИСЛЯЮЩЕЕ ТВЕРДОЕ ВЕЩЕСТВО САМОНАГРЕВАЮЩЕЕСЯ, Н.У.К.";"OS"
"3111";"ОРГАНИЧЕСКИЙ ПЕРОКСИД ТИПА В ЖИДКИЙ С РЕГУЛИРУЕМОЙ ТЕМПЕРАТУРОЙ";"P2"
"3112";"ОРГАНИЧЕСКИЙ ПЕРОКСИД ТИПА В ТВЕРДЫЙ С РЕГУЛИРУЕМОЙ ТЕМПЕРАТУРОЙ";"P2"
"3113";"ОРГАНИЧЕСКИЙ ПЕРОКСИД ТИПА С ЖИДКИЙ С РЕГУЛИРУЕМОЙ ТЕМПЕРАТУРОЙ";"P2"
"3114";"ОРГАНИЧЕСКИЙ ПЕРОКСИД ТИПА С ТВЕРДЫЙ С РЕГУЛИРУЕМОЙ ТЕМПЕРАТУРОЙ";"P2"
"3115";"ОРГАНИЧЕСКИЙ ПЕРОКСИД ТИПА D ЖИДКИЙ С РЕГУЛИРУЕМОЙ ТЕМПЕРАТУРОЙ";"P2"
"3116";"ОРГАНИЧЕСКИЙ ПЕРОКСИД ТИПА D ТВЕРДЫЙ С РЕГУЛИРУЕМОЙ ТЕМПЕРАТУРОЙ";"P2"
"3117";"ОРГАНИЧЕСКИЙ ПЕРОКСИД ТИПА E ЖИДКИЙ С РЕГУЛИРУЕМОЙ ТЕМПЕРАТУРОЙ";"P2"
"3118";"ОРГАНИЧЕСКИЙ ПЕРОКСИД ТИПА Е ТВЕРДЫЙ С РЕГУЛИРУЕМОЙ ТЕМПЕРАТУРОЙ";"P2"
"3119";"ОРГАНИЧЕСКИЙ ПЕРОКСИД ТИПА F ЖИДКИЙ С РЕГУЛИРУЕМОЙ ТЕМПЕРАТУРОЙ";"P2"
"3120";"ОРГАНИЧЕСКИЙ ПЕРОКСИД ТИПА F ТВЕРДЫЙ С РЕГУЛИРУЕМОЙ ТЕМПЕРАТУРОЙ";"P2"
"3121";"ОКИСЛЯЮЩЕЕ ТВЕРДОЕ ВЕЩЕСТВО, РЕАГИРУЮЩЕЕ С ВОДОЙ, Н.У.К.";"OW"
"3127";"САМОНАГРЕВАЮЩЕЕСЯ ТВЕРДОЕ ВЕЩЕСТВО ОКИСЛЯЮЩЕЕ, Н.У.К.";"SO"
"3132";"РЕАГИРУЮЩЕЕ С ВОДОЙ ТВЕРДОЕ ВЕЩЕСТВО ЛЕГКОВОСПЛАМЕНЯЮЩЕЕСЯ, Н.У.К.";"WF2"
"3132";"РЕАГИРУЮЩЕЕ С ВОДОЙ ТВЕРДОЕ ВЕЩЕСТВО ЛЕГКОВОСПЛАМЕНЯЮЩЕЕСЯ, Н.У.К.";"WF2"
"3132";"РЕАГИРУЮЩЕЕ С ВОДОЙ ТВЕРДОЕ ВЕЩЕСТВО ЛЕГКОВОСПЛАМЕНЯЮЩЕЕСЯ, Н.У.К.";"WF2"
"3133";"РЕАГИРУЮЩЕЕ С ВОДОЙ ТВЕРДОЕ ВЕЩЕСТВО ОКИСЛЯЮЩЕЕ, Н.У.К";"WO"
"3135";"РЕАГИРУЮЩЕЕ С ВОДОЙ ТВЕРДОЕ ВЕЩЕСТВО САМОНАГРЕВАЮЩЕЕСЯ, Н.У.К.";"WS"
"3135";"РЕАГИРУЮЩЕЕ С ВОДОЙ ТВЕРДОЕ ВЕЩЕСТВО САМОНАГРЕВАЮЩЕЕСЯ, Н.У.К.";"WS"
"3135";"РЕАГИРУЮЩЕЕ С ВОДОЙ ТВЕРДОЕ ВЕЩЕСТВО САМОНАГРЕВАЮЩЕЕСЯ, Н.У.К.";"WS"
"3137";"ОКИСЛЯЮЩЕЕ ТВЕРДОЕ ВЕЩЕСТВО, ЛЕГКОВОСПЛАМЕНЯЮЩЕЕСЯ, Н.У.К.";"OF"
"3166";"ТРАНСПОРТНОЕ СРЕДСТВО, РАБОТАЮЩЕЕ НА ЛЕГКОВОСПЛАМЕНЯЮЩЕМСЯ ГАЗЕ";"M11"
"3166";"ТРАНСПОРТНОЕ СРЕДСТВО, РАБОТАЮЩЕЕ НА ЛЕГКОВОСПЛАМЕНЯЮЩЕЙСЯ ЖИДКОСТИ";"M11"
"3166";"ТРАНСПОРТНОЕ СРЕДСТВО, РАБОТАЮЩЕЕ НА ТОПЛИВНЫХ ЭЛЕМЕНТАХ, СОДЕРЖАЩИХ ЛЕГКОВОСПЛАМЕНЯЮЩИЙСЯ ГАЗ";"M11"
"3166";"ТРАНСПОРТНОЕ СРЕДСТВО, РАБОТАЮЩЕЕ НА ТОПЛИВНЫХ ЭЛЕМЕНТАХ, СОДЕРЖАЩИХ ЛЕГКОВОСПЛАМЕНЯЮЩУЮСЯ ЖИДКОСТЬ";"M11"
"3171";"ТРАНСПОРТНОЕ СРЕДСТВО, РАБОТАЮЩЕЕ НА АККУМУЛЯТОРНЫХ БАТАРЕЯХ";"M11"
"3171";"ОБОРУДОВАНИЕ, РАБОТАЮЩЕЕ НА АККУМУЛЯТОРНЫХ БАТАРЕЯХ";"M11"
"3231";"САМОРЕАКТИВНАЯ ЖИДКОСТЬ ТИПА B С РЕГУЛИРУЕМОЙ ТЕМПЕРАТУРОЙ";"SR2"
"3232";"САМОРЕАКТИВНОЕ ТВЕРДОЕ ВЕЩЕСТВО ТИПА B С РЕГУЛИРУЕМОЙ ТЕМПЕРАТУРОЙ";"SR2"
"3233";"САМОРЕАКТИВНАЯ ЖИДКОСТЬ ТИПА С С РЕГУЛИРУЕМОЙ ТЕМПЕРАТУРОЙ";"SR2"
"3234";"САМОРЕАКТИВНОЕ ТВЕРДОЕ ВЕЩЕСТВО ТИПА C С РЕГУЛИРУЕМОЙ ТЕМПЕРАТУРОЙ";"SR2"
"3235";"САМОРЕАКТИВНАЯ ЖИДКОСТЬ ТИПА D С РЕГУЛИРУЕМОЙ ТЕМПЕРАТУРОЙ";"SR2"
"3236";"САМОРЕАКТИВНОЕ ТВЕРДОЕ ВЕЩЕСТВО ТИПА D С РЕГУЛИРУЕМОЙ ТЕМПЕРАТУРОЙ";"SR2"
"3237";"САМОРЕАКТИВНАЯ ЖИДКОСТЬ ТИПА E С РЕГУЛИРУЕМОЙ ТЕМПЕРАТУРОЙ";"SR2"
"3238";"САМОРЕАКТИВНОЕ ТВЕРДОЕ ВЕЩЕСТВО ТИПА E С РЕГУЛИРУЕМОЙ ТЕМПЕРАТУРОЙ";"SR2"
"3239";"САМОРЕАКТИВНАЯ ЖИДКОСТЬ ТИПА F С РЕГУЛИРУЕМОЙ ТЕМПЕРАТУРОЙ";"SR2"
"3240";"САМОРЕАКТИВНОЕ ТВЕРДОЕ ВЕЩЕСТВО ТИПА F С РЕГУЛИРУЕМОЙ ТЕМПЕРАТУРОЙ";"SR2"
"3255";"трет-БУТИЛГИПОХЛОРИТ";"SC1"
"3267";"КОРРОЗИОННАЯ ЖИДКОСТЬ ЩЕЛОЧНАЯ ОРГАНИЧЕСКАЯ, Н.У.К.";"C7"
"3267";"КОРРОЗИОННАЯ ЖИДКОСТЬ ЩЕЛОЧНАЯ ОРГАНИЧЕСКАЯ, Н.У.К.";"C7"
"3267";"КОРРОЗИОННАЯ ЖИДКОСТЬ ЩЕЛОЧНАЯ ОРГАНИЧЕСКАЯ, Н.У.К.";"C7"
"3287";"ТОКСИЧНАЯ ЖИДКОСТЬ НЕОРГАНИЧЕСКАЯ, Н.У.К.";"T4"
"3287";"ТОКСИЧНАЯ ЖИДКОСТЬ НЕОРГАНИЧЕСКАЯ, Н.У.К.";"T4"
"3287";"ТОКСИЧНАЯ ЖИДКОСТЬ НЕОРГАНИЧЕСКАЯ, Н.У.К.";"T4"
"3321";"РАДИОАКТИВНЫЙ МАТЕРИАЛ, НИЗКАЯ УДЕЛЬНАЯ АКТИВНОСТЬ (НУА-II), неделящийся или делящийся-освобожденный";""
"3322";"Радиоактивный МАТЕРИАЛ, НИЗКАЯ УДЕЛЬНАЯ АКТИВНОСТЬ (LSA-III), неделящийся или делящийся-освобожденный";""
"3323";"РАДИОАКТИВНЫЙ МАТЕРИАЛ, УПАКОВКА ТИПА С, неделящийся или делящийся-освобожденный";""
"3324";"РАДИОАКТИВНЫЙ МАТЕРИАЛ, НИЗКАЯ УДЕЛЬНАЯ АКТИВНОСТЬ (LSA-II), ДЕЛЯЩИЙСЯ";""
"3325";"РАДИОАКТИВНЫЙ МАТЕРИАЛ, НИЗКАЯ УДЕЛЬНАЯ АКТИВНОСТЬ (LSA-III), ДЕЛЯЩИЙСЯ";""
"3326";"РАДИОАКТИВНЫЙ МАТЕРИАЛ, ОБЪЕКТЫ С ПОВЕРХНОСТНЫМ РАДИОАКТИВНЫМ ЗАГРЯЗНЕНИЕМ (SCO-I), ДЕЛЯЩИЙСЯ";""
"3326";"РАДИОАКТИВНЫЙ МАТЕРИАЛ, ОБЪЕКТЫ С ПОВЕРХНОСТНЫМ РАДИОАКТИВНЫМ ЗАГРЯЗНЕНИЕМ (SCO-II), ДЕЛЯЩИЙСЯ";""
"3327";"РАДИОАКТИВНЫЙ МАТЕРИАЛ, УПАКОВКА ТИПА А, ДЕЛЯЩИЙСЯ, не особого вида";""
"3328";"РАДИОАКТИВНЫЙ МАТЕРИАЛ, УПАКОВКА ТИПА Б(И), ДЕЛЯЩИЙСЯ";""
"3329";"РАДИОАКТИВНЫЙ МАТЕРИАЛ, УПАКОВКА ТИПА В(М), ДЕЛЯЩИЙСЯ";""
"3330";"РАДИОАКТИВНЫЙ МАТЕРИАЛ, УПАКОВКА ТИПА С, ДЕЛЯЩИЙСЯ";""
"3331";"РАДИОАКТИВНЫЙ МАТЕРИАЛ, ТРАНСПОРТИРУЕМЫЙ В СПЕЦИАЛЬНЫХ УСЛОВИЯХ, ДЕЛЯЩИЙСЯ";""
"3332";"РАДИОАКТИВНЫЙ МАТЕРИАЛ, УПАКОВКА ТИПА А, ОСОБОГО ВИДА, неделящийся или делящийся-освобожденный";""
"3333";"РАДИОАКТИВНЫЙ МАТЕРИАЛ, УПАКОВКА ТИПА А, ОСОБОГО ВИДА, ДЕЛЯЩИЙСЯ";""
"3334";"Жидкость, перевозка которой по воздуху регулируется правилами, Н.У.К.";"M11"
"3335";"Твердое вещество, перевозка которого по воздуху регулируется правилами, Н.У.К";"M11"
"3360";"Волокна растительного происхождения сухие";"F1"
"3363";"Опасные грузы в оборудовании";"M11"
"3363";"Опасные грузы в приборах";"M11"
"3496";"Батереи, никель-металл-гидридные";"М11"
"3500";"ХИМИЧЕСКИЙ ПРОДУКТ ПОД ДАВЛЕНИЕМ, Н.У.К.";"8A"
"3501";"ХИМИЧЕСКИЙ ПРОДУКТ ПОД ДАВЛЕНИЕМ ЛЕГКОВОСПЛАМЕНЯЮ-ЩИЙСЯ, Н.У.К.";"8F"
"3502";"ХИМИЧЕСКИЙ ПРОДУКТ ПОД ДАВЛЕНИЕМ ТОКСИЧНЫЙ, Н.У.К.";"8T"
"3503";"ХИМИЧЕСКИЙ ПРОДУКТ ПОД ДАВЛЕНИЕМ КОРРОЗИОННЫЙ, Н.У.К.";"8C"
"3504";"ХИМИЧЕСКИЙ ПРОДУКТ ПОД ДАВЛЕНИЕМ ЛЕГКОВОСПЛАМЕНЯЮ-ЩИЙСЯ ТОКСИЧНЫЙ, Н.У.К.";"8TF"
"3505";"ХИМИЧЕСКИЙ ПРОДУКТ ПОД ДАВЛЕНИЕМ ЛЕГКОВОСПЛАМЕНЯЮ-ЩИЙСЯ КОРРОЗИОННЫЙ, Н. У.К.";"8FC"
"3507";"УРАНА ГЕКСАФТОРИД, РАДИОАКТИВНЫЙ МАТЕРИАЛ, ОСВОБОЖДЕННАЯ УПАКОВКА, менее 0,1 кг на упаковку, неделящийся-освобожденный";""
"3508";"КОНДЕНСАТОР АСИММЕТРИЧНЫЙ (с энергоемкостью более 0,3 Вт/ч)";"М11"
"3509";"ТАРА ОТБРАКОВАННАЯ ПОРОЖНЯЯ НЕОЧИЩЕННАЯ";"М11"
"3510";"ГАЗ АДСОРБИРОВАННЫЙ ЛЕГКОВОСПЛАМЕНЯЮЩИЙСЯ, Н.У.К";"9F"
"3511";"ГАЗ АДСОРБИРОВАННЫЙ, Н.У.К";"9A"
"3512";"ГАЗ АДСОРБИРОВАННЫЙ ТОКСИЧНЫЙ, Н.У.К";"9T"
"3513";"ГАЗ АДСОРБИРОВАННЫЙ ОКИСЛЯЮЩИЙ, Н.У.К";"9O"
"3514";"ГАЗ АДСОРБИРОВАННЫЙ ТОКСИЧНЫЙ ЛЕГКОВОСПЛАМЕНЯЮЩИЙСЯ, Н.У.К";"9TF"
"3515";"ГАЗ АДСОРБИРОВАННЫЙ ТОКСИЧНЫЙ ОКИСЛЯЮЩИЙ, Н.У.К";"9TO"
"3516";"ГАЗ АДСОРБИРОВАННЫЙ ТОКСИЧНЫЙ КОРРОЗИОННЫЙ, Н.У.К";"9TC"
"3517";"ГАЗ АДСОРБИРОВАННЫЙ ТОКСИЧНЫЙ ЛЕГКОВОСПЛАМЕНЯЮЩИЙСЯ КОРРОЗИОННЫЙ, Н.У.К";"9TFC"
"3518";"ГАЗ АДСОРБИРОВАННЫЙ ТОКСИЧНЫЙ ОКИСЛЯЮЩИЙ КОРРОЗИОННЫЙ, Н.У.К";"9TOC"
"3519";"БОРА ТРИФТОРИД АДСОРБИРОВАННЫЙ";"9TC"
"3520";"БОРА ТРИФТОРИД И КИСЛОТА ПРОПИОНОВАЯ - КОМПЛЕКС, ТВЕРДЫЙ";"9TOC"
"3521";"КРЕМНИЯ ТЕТРАФТОРИД АДСОРБИРОВАННЫЙ";"9TC"
"3522";"АРСИН АДСОРБИРОВАННЫЙ";"9TF"
"3523";"ГЕРМАН АДСОРБИРОВАННЫЙ";"9TF"
"3524";"ФОСФОРА ПЕНТАФТОРИД АДСОРБИРОВАННЫЙ";"9TC"
"3525";"ФОСФИН АДСОРБИРОВАННЫЙ";"9TF"
"3526";"ВОДОРОДА СЕЛЕНИД АДСОРБИРОВАННЫЙ";"9TF"
"3527";"КОМПЛЕКТ СМОЛ ПОЛИЭФИРНЫХ, твердое основное вещество";"F4"
"3527";"КОМПЛЕКТ СМОЛ ПОЛИЭФИРНЫХ, твердое основное вещество";"F4"
"3528";"ДВИГАТЕЛЬ ВНУТРЕННЕГО СГОРАНИЯ, РАБОТАЮЩИЙ НА ЛЕГКОВОСПЛАМЕНЯЮЩЕЙСЯ ЖИДКОСТИ";"F3"
"3528";"ДВИГАТЕЛЬ, РАБОТАЮЩИЙ НА ТОПЛИВНЫХ ЭЛЕМЕНТАХ, СОДЕРЖАЩИХ ЛЕГКОВОСПЛАМЕНЯЮЩУЮСЯ ЖИДКОСТЬ";"F3"
"3528";"МАШИНА С ДВИГАТЕЛЕМ ВНУТРЕННЕГО СГОРАНИЯ, РАБОТАЮЩИМ НА ЛЕГКОВОСПЛАМЕНЯЮЩЕЙСЯ ЖИДКОСТИ";"F3"
"3528";"МАШИНА, РАБОТАЮЩАЯ НА ТОПЛИВНЫХ ЭЛЕМЕНТАХ, СОДЕРЖАЩИХ ЛЕГКОВОСПЛАМЕНЯЮЩУЮСЯ ЖИДКОСТЬ";"F3"
"3529";"ДВИГАТЕЛЬ ВНУТРЕННЕГО СГОРАНИЯ, РАБОТАЮЩИЙ НА ЛЕГКОВОСПЛАМЕНЯЮЩЕМСЯ ГАЗЕ";"6F"
"3529";"ДВИГАТЕЛЬ, РАБОТАЮЩИЙ НА ТОПЛИВНЫХ ЭЛЕМЕНТАХ, СОДЕРЖАЩИХ ЛЕГКОВОСПЛАМЕНЯЮЩИЙСЯ ГАЗ";"6F"
"3529";"МАШИНА С ДВИГАТЕЛЕМ ВНУТРЕННЕГО СГОРАНИЯ, РАБОТАЮЩИМ НА ЛЕГКОВОСПЛАМЕНЯЮЩЕМСЯ ГАЗЕ";"6F"
"3529";"МАШИНА, РАБОТАЮЩАЯ НА ТОПЛИВНЫХ ЭЛЕМЕНТАХ, СОДЕРЖАЩИХ ЛЕГКОВОСПЛАМЕНЯЮЩИЙСЯ ГАЗ";"6F"
"3530";"ДВИГАТЕЛЬ ВНУТРЕННЕГО СГОРАНИЯ";"М11"
"3530";"МАШИНА С ДВИГАТЕЛЕМ ВНУТРЕННЕГО СГОРАНИЯ";"М11"
"3531";"ПОЛИМЕРИЗУЮЩЕЕСЯ ВЕЩЕСТВО ТВЕРДОЕ СТАБИЛИЗИРОВАННОЕ, Н.У.К.";"PM1"
"3532";"ПОЛИМЕРИЗУЮЩЕЕСЯ ВЕЩЕСТВО ЖИДКОЕ СТАБИЛИЗИРОВАННОЕ, Н.У.К.";"PM1"
"3533";"ПОЛИМЕРИЗУЮЩЕЕСЯ ВЕЩЕСТВО ТВЕРДОЕ С РЕГУЛИРУЕМОЙ ТЕМПЕРАТУРОЙ, Н.У.К.";"PM2"
"3534";"ПОЛИМЕРИЗУЮЩЕЕСЯ ВЕЩЕСТВО ЖИДКОЕ,ПЕРЕВОЗИМОЕ ПРИ РЕГУЛИРУЕМОЙ ТЕМПЕРАТУРЕ, Н.У.К.";"PM2"
